{"bracket black": {"auroc_sp": 0.7805851063829787, "auroc_px": 0.9849620830885756}, "bracket brown": {"auroc_sp": 0.6485671191553545, "auroc_px": 0.9331140768702664}, "bracket white": {"auroc_sp": 0.5633333333333334, "auroc_px": 0.9868514095933274}, "connector": {"auroc_sp": 0.6547619047619049, "auroc_px": 0.9551527258942538}, "metal plate": {"auroc_sp": 0.6852654387865655, "auroc_px": 0.9542697396362665}, "tubes": {"auroc_sp": 0.9877717391304348, "auroc_px": 0.9555152964153699}}