{"bracket black": {"auroc_sp": 0.7393617021276596, "auroc_px": 0.985911848121594}, "bracket brown": {"auroc_sp": 0.5976621417797888, "auroc_px": 0.9325499157819572}, "bracket white": {"auroc_sp": 0.5383333333333333, "auroc_px": 0.9869053620418007}, "connector": {"auroc_sp": 0.5226190476190476, "auroc_px": 0.954673061279982}, "metal plate": {"auroc_sp": 0.4352654387865656, "auroc_px": 0.9510851448319654}, "tubes": {"auroc_sp": 0.7903079710144928, "auroc_px": 0.9520596401877357}}