{"bracket black": {"auroc_sp": 0.7852393617021276, "auroc_px": 0.8660281847303579}, "bracket brown": {"auroc_sp": 0.638763197586727, "auroc_px": 0.9062978707001698}, "bracket white": {"auroc_sp": 0.5733333333333333, "auroc_px": 0.9226392364579846}, "connector": {"auroc_sp": 0.7642857142857142, "auroc_px": 0.9336829393035508}, "metal plate": {"auroc_sp": 0.7486457204767064, "auroc_px": 0.9270704481512672}, "tubes": {"auroc_sp": 0.9519927536231884, "auroc_px": 0.9427002143172285}}