{"candle": {"auroc_sp": 0.8906999999999999, "auroc_px": 0.9593118934028078}, "capsules": {"auroc_sp": 0.7295, "auroc_px": 0.9393491161419826}, "cashew": {"auroc_sp": 0.8442, "auroc_px": 0.9218662022922174}, "chewinggum": {"auroc_sp": 0.977, "auroc_px": 0.9744268689266603}, "fryum": {"auroc_sp": 0.8042, "auroc_px": 0.9300729841733235}, "macaroni1": {"auroc_sp": 0.7607, "auroc_px": 0.9786252917432609}, "macaroni2": {"auroc_sp": 0.6164000000000001, "auroc_px": 0.9763991377870928}, "pcb1": {"auroc_sp": 0.5744999999999999, "auroc_px": 0.8764922171575217}, "pcb2": {"auroc_sp": 0.6121000000000001, "auroc_px": 0.887622001948295}, "pcb3": {"auroc_sp": 0.5292079207920792, "auroc_px": 0.8902033643536195}, "pcb4": {"auroc_sp": 0.755940594059406, "auroc_px": 0.9313427270076913}, "pipe fryum": {"auroc_sp": 0.9322000000000001, "auroc_px": 0.9538068433463278}}