{"candle": {"auroc_sp": 0.9549, "auroc_px": 0.9429513399152407}, "capsules": {"auroc_sp": 0.7591666666666667, "auroc_px": 0.6721956207832143}, "cashew": {"auroc_sp": 0.883, "auroc_px": 0.6798342120206342}, "chewinggum": {"auroc_sp": 0.9752, "auroc_px": 0.9715693937911013}, "fryum": {"auroc_sp": 0.8804, "auroc_px": 0.8502911468085091}, "macaroni1": {"auroc_sp": 0.688, "auroc_px": 0.779549649856629}, "macaroni2": {"auroc_sp": 0.6701999999999999, "auroc_px": 0.7952220907689473}, "pcb1": {"auroc_sp": 0.6509, "auroc_px": 0.8997685536622642}, "pcb2": {"auroc_sp": 0.6234, "auroc_px": 0.9076754477579511}, "pcb3": {"auroc_sp": 0.6273267326732673, "auroc_px": 0.6511578443509107}, "pcb4": {"auroc_sp": 0.8072277227722772, "auroc_px": 0.9390825268606735}, "pipe fryum": {"auroc_sp": 0.9248, "auroc_px": 0.9487584808867462}}