{"candle": {"auroc_sp": 0.9375, "auroc_px": 0.9623363211066975}, "capsules": {"auroc_sp": 0.6970000000000001, "auroc_px": 0.940098179451794}, "cashew": {"auroc_sp": 0.8694000000000001, "auroc_px": 0.926605759065069}, "chewinggum": {"auroc_sp": 0.9752000000000001, "auroc_px": 0.9749493190125463}, "fryum": {"auroc_sp": 0.8718, "auroc_px": 0.9354774273234068}, "macaroni1": {"auroc_sp": 0.7407999999999999, "auroc_px": 0.9798073430805906}, "macaroni2": {"auroc_sp": 0.6731, "auroc_px": 0.9806468677954496}, "pcb1": {"auroc_sp": 0.6018, "auroc_px": 0.8727676068778586}, "pcb2": {"auroc_sp": 0.6108000000000001, "auroc_px": 0.8929388580721282}, "pcb3": {"auroc_sp": 0.5910891089108911, "auroc_px": 0.8817074480053472}, "pcb4": {"auroc_sp": 0.7942574257425742, "auroc_px": 0.9201342864506062}, "pipe fryum": {"auroc_sp": 0.9368000000000001, "auroc_px": 0.9600745605296258}}