{"candle": {"auroc_sp": 0.5285500000000001, "auroc_px": 0.9586247215134899}, "capsules": {"auroc_sp": 0.6243333333333334, "auroc_px": 0.9389856165004957}, "cashew": {"auroc_sp": 0.6787999999999998, "auroc_px": 0.9216718062808568}, "chewinggum": {"auroc_sp": 0.9208, "auroc_px": 0.9737623024237957}, "fryum": {"auroc_sp": 0.5268, "auroc_px": 0.930005273436278}, "macaroni1": {"auroc_sp": 0.7265999999999999, "auroc_px": 0.9783681731033541}, "macaroni2": {"auroc_sp": 0.57275, "auroc_px": 0.976194246188764}, "pcb1": {"auroc_sp": 0.39065000000000005, "auroc_px": 0.8762796045786627}, "pcb2": {"auroc_sp": 0.45525, "auroc_px": 0.8873056135577143}, "pcb3": {"auroc_sp": 0.43014851485148514, "auroc_px": 0.8901270923648771}, "pcb4": {"auroc_sp": 0.470990099009901, "auroc_px": 0.9309989566542926}, "pipe fryum": {"auroc_sp": 0.8065000000000001, "auroc_px": 0.9538728557788638}}