{"candle": {"auroc_sp": 0.9435000000000001, "ap_sp": 0.939515267018001, "f1_sp": 0.8878048280785275, "auroc_px": 0.9926552548869823, "ap_px": 0.3538699676937819, "f1_px": 0.4165308794158594, "aupro_px": 0.9446493491756047}, "capsules": {"auroc_sp": 0.893, "ap_sp": 0.9442866568720403, "f1_sp": 0.8631578448753491, "auroc_px": 0.9606127886312943, "ap_px": 0.3714917567701272, "f1_px": 0.47070331813944744, "aupro_px": 0.9076749268714731}, "cashew": {"auroc_sp": 0.963, "ap_sp": 0.9833568083394006, "f1_sp": 0.9275361819412381, "auroc_px": 0.9651810395318804, "ap_px": 0.29352005002550985, "f1_px": 0.3799181674371319, "aupro_px": 0.9322563858035905}, "chewinggum": {"auroc_sp": 0.9936, "ap_sp": 0.9973932465172622, "f1_sp": 0.9898989399040939, "auroc_px": 0.99515995968885, "ap_px": 0.7617744510341629, "f1_px": 0.7175974567391245, "aupro_px": 0.9072412783146714}, "fryum": {"auroc_sp": 0.9368, "ap_sp": 0.9741977742526658, "f1_sp": 0.9206348708042914, "auroc_px": 0.9553586821824775, "ap_px": 0.29278626451975764, "f1_px": 0.35164844849817434, "aupro_px": 0.8876797476429861}, "macaroni1": {"auroc_sp": 0.8505, "ap_sp": 0.8885218907634095, "f1_sp": 0.7796609677934213, "auroc_px": 0.9940594803099784, "ap_px": 0.09453754887822156, "f1_px": 0.17518517001983855, "aupro_px": 0.9748237217647182}, "macaroni2": {"auroc_sp": 0.7785999999999998, "ap_sp": 0.7883223343697904, "f1_sp": 0.7489361213218684, "auroc_px": 0.9872654098014813, "ap_px": 0.0536210440065629, "f1_px": 0.13362027383520922, "aupro_px": 0.95462855502309}, "pcb1": {"auroc_sp": 0.5166999999999999, "ap_sp": 0.567871346440469, "f1_sp": 0.6807017088334902, "auroc_px": 0.9834086863268745, "ap_px": 0.3729076743464768, "f1_px": 0.4116667614978044, "aupro_px": 0.8982164482254616}, "pcb2": {"auroc_sp": 0.7692, "ap_sp": 0.7580783458557947, "f1_sp": 0.7448979092045015, "auroc_px": 0.9728652899474505, "ap_px": 0.15645515047803357, "f1_px": 0.2799373685916153, "aupro_px": 0.8795406790749644}, "pcb3": {"auroc_sp": 0.7116831683168316, "ap_sp": 0.7300127606787323, "f1_sp": 0.7153845680473405, "auroc_px": 0.9391594708566523, "ap_px": 0.1678572758739662, "f1_px": 0.2642951612677488, "aupro_px": 0.8151696682579008}, "pcb4": {"auroc_sp": 0.9014851485148515, "ap_sp": 0.8943126696857119, "f1_sp": 0.8484847993853216, "auroc_px": 0.9568491149257478, "ap_px": 0.13114672312506212, "f1_px": 0.2438467561912023, "aupro_px": 0.8732962515146867}, "pipe fryum": {"auroc_sp": 0.9942000000000001, "ap_sp": 0.997117219760881, "f1_sp": 0.9797979298030838, "auroc_px": 0.9767089447993283, "ap_px": 0.2794950510585344, "f1_px": 0.38874923818113233, "aupro_px": 0.9738124804924959}}