{"breakfast box": {"auroc_sp": 0.6771506290377423, "auroc_px": 0.6357325603139723}, "juice bottle": {"auroc_sp": 0.6684998196898666, "auroc_px": 0.6593167567406706}, "pushpins": {"auroc_sp": 0.5500926862150322, "auroc_px": 0.47281573117521764}, "screw bag": {"auroc_sp": 0.47155475709259675, "auroc_px": 0.5132201309742289}, "splicing connectors": {"auroc_sp": 0.6024295728654155, "auroc_px": 0.497160211083093}}