{"breakfast box": {"auroc_sp": 0.6624164116513658, "auroc_px": 0.6212237401900397}, "juice bottle": {"auroc_sp": 0.6357735304724126, "auroc_px": 0.8418388427348334}, "pushpins": {"auroc_sp": 0.520412032355915, "auroc_px": 0.45275028800157924}, "screw bag": {"auroc_sp": 0.5107043940414702, "auroc_px": 0.6207726486674635}, "splicing connectors": {"auroc_sp": 0.6043889058213958, "auroc_px": 0.523625407575877}}