{"breakfast box": {"auroc_sp": 0.6107333106653066, "auroc_px": 0.6207890259177528}, "juice bottle": {"auroc_sp": 0.5037865128020195, "auroc_px": 0.8415501948247305}, "pushpins": {"auroc_sp": 0.4775025278058645, "auroc_px": 0.45290330772418214}, "screw bag": {"auroc_sp": 0.5259937121041994, "auroc_px": 0.620787018519585}, "splicing connectors": {"auroc_sp": 0.570710149344712, "auroc_px": 0.5235302775941493}}