{"RESC": {"auroc_sp": 0.4278621039978675, "auroc_px": 0.6793134090473295}}