{"BrainMRI": {"auroc_sp": 0.6038028455284552, "auroc_px": 0.8639272230898171}}