{"BrainMRI": {"auroc_sp": 0.4889016768292682, "auroc_px": 0.8634331320180123}}