{"BrainMRI": {"auroc_sp": 0.6150350609756098, "auroc_px": 0.8227155568296723}}