{"bottle": {"auroc_sp": 0.9563492063492064, "auroc_px": 0.8996043311724597}, "cable": {"auroc_sp": 0.8090329835082459, "auroc_px": 0.7401629219189837}, "capsule": {"auroc_sp": 0.879936178699641, "auroc_px": 0.9250361196875463}, "carpet": {"auroc_sp": 1.0, "auroc_px": 0.9767395741126793}, "grid": {"auroc_sp": 0.9958228905597326, "auroc_px": 0.98868829303621}, "hazelnut": {"auroc_sp": 0.9221428571428572, "auroc_px": 0.9678233348047426}, "leather": {"auroc_sp": 0.9993206521739131, "auroc_px": 0.9857752794049721}, "metal nut": {"auroc_sp": 0.9462365591397849, "auroc_px": 0.8540733654070256}, "pill": {"auroc_sp": 0.9307146753955265, "auroc_px": 0.9594840350287882}, "screw": {"auroc_sp": 0.8141012502562001, "auroc_px": 0.9738395495806299}, "tile": {"auroc_sp": 0.9700577200577201, "auroc_px": 0.9448359502300024}, "toothbrush": {"auroc_sp": 0.9194444444444445, "auroc_px": 0.9297696816886998}, "transistor": {"auroc_sp": 0.86125, "auroc_px": 0.7227211249952028}, "wood": {"auroc_sp": 0.9789473684210526, "auroc_px": 0.9772325198640189}, "zipper": {"auroc_sp": 0.9671743697478992, "auroc_px": 0.9479831603400788}}