{"bottle": {"auroc_sp": 0.9690476190476192, "auroc_px": 0.8999802541487729}, "cable": {"auroc_sp": 0.7734257871064468, "auroc_px": 0.7400958747658987}, "capsule": {"auroc_sp": 0.8751495811727165, "auroc_px": 0.9247013666300438}, "carpet": {"auroc_sp": 1.0, "auroc_px": 0.977171050827473}, "grid": {"auroc_sp": 0.9933166248955723, "auroc_px": 0.9887804269093121}, "hazelnut": {"auroc_sp": 0.9192857142857143, "auroc_px": 0.9678903451987477}, "leather": {"auroc_sp": 0.9993206521739131, "auroc_px": 0.9860150188962278}, "metal nut": {"auroc_sp": 0.9379276637341153, "auroc_px": 0.8538304819174191}, "pill": {"auroc_sp": 0.9345335515548281, "auroc_px": 0.9594933759100266}, "screw": {"auroc_sp": 0.7991391678622669, "auroc_px": 0.9739280093130884}, "tile": {"auroc_sp": 0.950937950937951, "auroc_px": 0.9449686827776946}, "toothbrush": {"auroc_sp": 0.9333333333333333, "auroc_px": 0.9297205451686145}, "transistor": {"auroc_sp": 0.8441666666666667, "auroc_px": 0.7229079307694953}, "wood": {"auroc_sp": 0.9728070175438597, "auroc_px": 0.9772883850097676}, "zipper": {"auroc_sp": 0.9648109243697479, "auroc_px": 0.9482959772598725}}