{"bottle": {"auroc_sp": 0.9801587301587301, "auroc_px": 0.8889743045754799}, "cable": {"auroc_sp": 0.7871064467766116, "auroc_px": 0.7653389959987312}, "capsule": {"auroc_sp": 0.8751495811727164, "auroc_px": 0.9465177470070804}, "carpet": {"auroc_sp": 1.0, "auroc_px": 0.9804207702037014}, "grid": {"auroc_sp": 0.9974937343358397, "auroc_px": 0.9912240641579974}, "hazelnut": {"auroc_sp": 0.9107142857142858, "auroc_px": 0.9645926546452452}, "leather": {"auroc_sp": 1.0, "auroc_px": 0.9890835875202934}, "metal nut": {"auroc_sp": 0.8993157380254154, "auroc_px": 0.8060013989030164}, "pill": {"auroc_sp": 0.8777959629023458, "auroc_px": 0.9161061128177976}, "screw": {"auroc_sp": 0.8614470178315229, "auroc_px": 0.9673897454255507}, "tile": {"auroc_sp": 0.9581529581529582, "auroc_px": 0.952907745127204}, "toothbrush": {"auroc_sp": 0.9194444444444445, "auroc_px": 0.9045272905963199}, "transistor": {"auroc_sp": 0.82, "auroc_px": 0.6962113701412586}, "wood": {"auroc_sp": 0.9666666666666667, "auroc_px": 0.9771215630891928}, "zipper": {"auroc_sp": 0.9640231092436975, "auroc_px": 0.944590361432601}}