{"bottle": {"auroc_sp": 1.0, "auroc_px": 0.9823051301483802}, "cable": {"auroc_sp": 0.877623688155922, "auroc_px": 0.9170476097291675}, "capsule": {"auroc_sp": 0.9433585959313922, "auroc_px": 0.9747683626133308}, "carpet": {"auroc_sp": 0.9995987158908507, "auroc_px": 0.9952384700367694}, "grid": {"auroc_sp": 0.9933166248955723, "auroc_px": 0.992236297734086}, "hazelnut": {"auroc_sp": 1.0, "auroc_px": 0.9905179405457243}, "leather": {"auroc_sp": 0.9989809782608696, "auroc_px": 0.9957545832869107}, "metal nut": {"auroc_sp": 1.0, "auroc_px": 0.9379620716107318}, "pill": {"auroc_sp": 0.9847244953627932, "auroc_px": 0.9746847071035314}, "screw": {"auroc_sp": 0.8282434925189588, "auroc_px": 0.9862882551931624}, "tile": {"auroc_sp": 0.9967532467532468, "auroc_px": 0.9769040119632069}, "toothbrush": {"auroc_sp": 0.9944444444444445, "auroc_px": 0.9821341419817463}, "transistor": {"auroc_sp": 0.8654166666666666, "auroc_px": 0.8135505745468452}, "wood": {"auroc_sp": 0.9921052631578947, "auroc_px": 0.9820569840832801}, "zipper": {"auroc_sp": 0.96875, "auroc_px": 0.9695233463298891}}